Process_ID,Stage_1_Time,Stage_2_Time,Stage_3_Time,Total_Time,Delay_Flag
P0001,16.22,24.53,15.74,56.49,0
P0002,10.84,19.17,14.67,44.68,0
P0003,18.0,21.68,20.17,59.85,0
P0004,18.76,30.07,19.26,68.09,1
P0005,7.2,25.02,10.98,43.2,0
P0006,9.79,27.72,23.61,61.12,0
P0007,15.51,30.36,17.53,63.4,1
P0008,13.74,22.0,12.45,48.19,0
P0009,14.93,31.05,23.94,69.92,1
P0010,11.59,28.03,21.13,60.75,0
P0011,18.52,15.12,11.68,45.32,0
P0012,18.11,36.54,26.89,81.54,1
P0013,15.26,20.99,21.29,57.54,0
P0014,19.51,11.76,17.95,49.22,0
P0015,16.87,16.64,25.95,59.46,0
P0016,11.56,16.83,18.8,47.19,0
P0017,16.48,25.42,17.86,59.76,0
P0018,11.16,22.81,14.7,48.67,0
P0019,18.51,22.31,20.91,61.73,0
P0020,14.8,29.96,20.38,65.14,1
P0021,14.26,27.72,18.07,60.05,0
P0022,12.28,27.53,14.05,53.86,0
P0023,19.89,28.28,18.65,66.82,1
P0024,14.38,29.93,17.65,61.96,0
P0025,13.29,8.14,11.33,32.76,0
P0026,13.59,22.08,10.64,46.31,0
P0027,17.13,7.56,20.83,45.52,0
P0028,16.46,25.29,4.99,46.74,0
P0029,16.65,24.96,19.03,60.64,0
P0030,16.72,33.36,15.61,65.69,1
P0031,23.57,34.5,24.54,82.61,1
P0032,13.37,26.62,15.53,55.52,0
P0033,12.95,21.0,21.3,55.25,0
P0034,11.74,28.88,16.02,56.64,0
P0035,17.46,20.78,18.57,56.81,0
P0036,19.52,24.99,21.68,66.19,1
P0037,14.54,32.89,15.69,63.12,1
P0038,11.64,20.54,22.98,55.16,0
P0039,11.7,31.45,13.03,56.18,0
P0040,17.6,30.42,19.47,67.49,1
P0041,17.97,17.36,22.61,57.94,0
P0042,17.17,32.79,21.3,71.26,1
P0043,12.34,30.59,27.58,70.51,1
P0044,15.93,25.82,14.18,55.93,0
P0045,15.47,18.9,11.1,45.47,0
P0046,15.87,18.13,13.03,47.03,0
P0047,18.49,20.7,21.3,60.49,0
P0048,15.89,29.34,20.49,65.72,1
P0049,17.72,17.35,18.51,53.58,0
P0050,15.27,28.5,12.39,56.16,0
P0051,16.16,15.07,21.83,53.06,0
P0052,17.53,23.37,11.88,52.78,0
P0053,9.17,25.88,23.79,58.84,0
P0054,13.72,44.56,32.29,90.57,1
P0055,13.12,13.98,19.83,46.93,0
P0056,12.44,36.78,20.92,70.14,1
P0057,13.9,26.2,15.54,55.64,0
P0058,20.98,28.29,8.95,58.22,0
P0059,11.54,25.95,14.99,52.48,0
P0060,18.87,28.56,12.54,59.97,0
P0061,8.27,23.77,10.76,42.8,0
P0062,13.66,36.63,26.61,76.9,1
P0063,15.65,21.35,19.36,56.36,0
P0064,17.34,34.06,19.9,71.3,1
P0065,17.84,19.85,16.45,54.14,0
P0066,18.17,24.52,17.14,59.83,0
P0067,13.61,16.42,22.82,52.85,0
P0068,13.15,28.64,17.84,59.63,0
P0069,18.43,36.56,20.65,75.64,1
P0070,14.23,24.38,17.02,55.63,0
P0071,9.9,23.42,16.29,49.61,0
P0072,10.47,16.08,10.97,37.52,0
P0073,11.32,23.17,8.11,42.6,0
P0074,16.99,12.26,16.69,45.94,0
P0075,15.57,17.7,18.28,51.55,0
P0076,17.76,26.81,11.57,56.14,0
P0077,13.29,35.55,17.83,66.67,1
P0078,15.63,47.47,18.27,81.37,1
P0079,17.5,20.31,7.22,45.03,0
P0080,13.76,36.48,13.42,63.66,1
P0081,16.83,26.95,20.04,63.82,1
P0082,12.35,23.79,19.94,56.08,0
P0083,13.55,28.46,12.23,54.24,0
P0084,13.47,25.5,18.79,57.76,0
P0085,10.22,25.88,23.11,59.21,0
P0086,16.95,21.73,21.89,60.57,0
P0087,13.12,13.82,17.52,44.46,0
P0088,15.05,12.65,15.66,43.36,0
P0089,16.92,30.23,14.85,62.0,0
P0090,16.79,22.79,20.34,59.92,0
P0091,17.66,20.23,18.98,56.87,0
P0092,14.61,25.07,21.15,60.83,0
P0093,13.31,31.36,18.66,63.33,1
P0094,14.68,26.44,22.09,63.21,1
P0095,8.25,19.75,18.47,46.47,0
P0096,9.21,34.81,21.92,65.94,1
P0097,9.71,37.63,22.35,69.69,1
P0098,11.01,28.96,13.98,53.95,0
P0099,16.6,32.79,8.96,58.35,0
P0100,11.38,34.94,25.72,72.04,1
P0101,13.49,34.04,19.28,66.81,1
P0102,20.2,29.91,9.43,59.54,0
P0103,13.57,29.79,14.43,57.79,0
P0104,17.95,29.16,21.86,68.97,1
P0105,11.27,16.22,16.6,44.09,0
P0106,14.18,30.61,15.44,60.23,0
P0107,11.2,14.15,25.0,50.35,0
P0108,13.64,18.64,12.76,45.04,0
P0109,18.36,35.43,14.01,67.8,1
P0110,8.09,31.72,19.06,58.87,0
P0111,16.74,36.9,19.95,73.59,1
P0112,15.95,22.83,20.48,59.26,0
P0113,12.62,15.78,22.56,50.96,0
P0114,9.22,23.08,18.99,51.29,0
P0115,15.29,25.82,20.45,61.56,0
P0116,12.88,25.63,16.7,55.21,0
P0117,15.93,34.07,18.31,68.31,1
P0118,15.09,22.11,18.54,55.74,0
P0119,21.41,27.82,19.08,68.31,1
P0120,14.04,17.09,21.86,52.99,0
P0121,10.91,28.6,20.78,60.29,0
P0122,15.72,25.02,18.22,58.96,0
P0123,15.88,19.0,13.95,48.83,0
P0124,20.44,23.11,18.34,61.89,0
P0125,18.34,23.53,17.86,59.73,0
P0126,16.43,22.84,18.97,58.24,0
P0127,20.85,39.17,29.03,89.05,1
P0128,10.24,24.21,15.38,49.83,0
P0129,12.44,23.05,20.11,55.6,0
P0130,11.29,8.22,23.34,42.85,0
P0131,13.44,17.85,18.49,49.78,0
P0132,9.49,22.9,29.69,62.08,1
P0133,17.54,19.51,16.11,53.16,0
P0134,14.11,36.05,19.62,69.78,1
P0135,9.12,23.68,14.01,46.81,0
P0136,10.94,35.31,16.24,62.49,1
P0137,16.25,25.49,19.24,60.98,0
P0138,18.35,25.3,22.23,65.88,1
P0139,22.99,24.29,19.6,66.88,1
P0140,26.66,25.03,24.3,75.99,1
P0141,16.66,38.75,17.53,72.94,1
P0142,11.04,6.44,16.34,33.82,0
P0143,6.47,8.99,31.52,46.98,0
P0144,16.07,20.65,19.97,56.69,0
P0145,11.75,25.12,14.4,51.27,0
P0146,13.34,30.52,14.53,58.39,0
P0147,12.55,28.78,13.29,54.62,0
P0148,14.44,21.93,22.68,59.05,0
P0149,19.26,33.15,16.18,68.59,1
P0150,15.63,33.24,18.64,67.51,1
P0151,14.37,26.47,17.68,58.52,0
P0152,10.86,32.7,21.66,65.22,1
P0153,8.3,27.18,13.77,49.25,0
P0154,13.05,20.51,12.62,46.18,0
P0155,14.78,30.58,19.12,64.48,1
P0156,22.07,25.88,21.0,68.95,1
P0157,15.52,25.01,19.66,60.19,0
P0158,18.93,36.78,13.95,69.66,1
P0159,13.0,5.39,21.39,39.78,0
P0160,10.26,13.66,14.28,38.2,0
P0161,11.14,15.5,15.39,42.03,0
P0162,12.1,22.09,13.28,47.47,0
P0163,23.51,22.96,24.51,70.98,1
P0164,11.71,12.94,21.17,45.82,0
P0165,18.35,17.12,21.02,56.49,0
P0166,11.39,18.11,24.24,53.74,0
P0167,18.73,44.66,32.06,95.45,1
P0168,16.54,39.41,9.45,65.4,1
P0169,14.37,21.71,14.31,50.39,0
P0170,14.84,22.09,14.92,51.85,0
P0171,12.38,15.81,13.75,41.94,0
P0172,16.78,9.73,12.61,39.12,0
P0173,13.18,24.06,16.5,53.74,0
P0174,10.1,17.02,11.92,39.04,0
P0175,9.89,24.32,19.68,53.89,0
P0176,15.69,12.2,18.26,46.15,0
P0177,21.32,18.9,20.41,60.63,0
P0178,15.64,26.19,20.54,62.37,1
P0179,14.53,27.93,21.02,63.48,1
P0180,16.14,28.34,16.13,60.61,0
P0181,20.22,14.44,28.61,63.27,1
P0182,15.88,31.84,19.17,66.89,1
P0183,13.36,18.6,8.69,40.65,0
P0184,19.43,30.06,12.99,62.48,1
P0185,16.72,24.91,9.3,50.93,0
P0186,21.14,13.99,18.09,53.22,0
P0187,15.73,22.47,17.39,55.59,0
P0188,10.1,27.92,15.66,53.68,0
P0189,9.53,29.9,28.05,67.48,1
P0190,21.6,23.87,20.74,66.21,1
P0191,21.89,37.25,21.63,80.77,1
P0192,14.28,33.06,13.34,60.68,0
P0193,13.47,22.95,13.0,49.42,0
P0194,20.85,31.0,18.18,70.03,1
P0195,10.57,40.47,18.87,69.91,1
P0196,11.42,40.68,8.72,60.82,0
P0197,17.57,15.18,17.1,49.85,0
P0198,13.42,17.59,18.07,49.08,0
P0199,14.98,36.88,16.92,68.78,1
P0200,14.35,16.53,13.93,44.81,0
P0201,16.35,14.42,15.3,46.07,0
P0202,20.63,21.11,17.12,58.86,0
P0203,15.36,28.36,18.45,62.17,1
P0204,17.58,24.18,21.02,62.78,1
P0205,6.8,19.8,23.4,50.0,0
P0206,14.81,19.61,16.53,50.95,0
P0207,11.63,19.3,15.72,46.65,0
P0208,10.12,17.96,20.19,48.27,0
P0209,11.49,43.25,21.05,75.79,1
P0210,13.66,27.38,15.83,56.87,0
P0211,18.66,32.09,21.95,72.7,1
P0212,9.69,21.09,22.9,53.68,0
P0213,15.12,23.51,24.46,63.09,1
P0214,13.06,19.29,26.89,59.24,0
P0215,13.69,3.79,13.67,31.15,0
P0216,19.01,13.98,18.07,51.06,0
P0217,17.15,10.52,18.06,45.73,0
P0218,20.35,7.0,17.51,44.86,0
P0219,14.38,15.44,14.75,44.57,0
P0220,12.22,35.6,10.57,58.39,0
P0221,14.1,24.64,18.46,57.2,0
P0222,15.97,35.32,14.16,65.45,1
P0223,15.71,28.29,18.43,62.43,1
P0224,10.66,31.26,14.03,55.95,0
P0225,15.36,17.79,12.5,45.65,0
P0226,15.91,29.19,19.17,64.27,1
P0227,25.07,30.83,18.75,74.65,1
P0228,22.51,20.39,20.9,63.8,1
P0229,11.59,29.48,28.93,70.0,1
P0230,13.85,29.53,19.39,62.77,1
P0231,9.15,20.6,20.43,50.18,0
P0232,12.64,16.02,12.61,41.27,0
P0233,16.26,15.53,11.57,43.36,0
P0234,19.82,25.69,25.91,71.42,1
P0235,12.08,27.62,13.38,53.08,0
P0236,12.38,18.66,12.78,43.82,0
P0237,6.41,25.21,17.8,49.42,0
P0238,14.35,29.56,17.55,61.46,0
P0239,10.75,29.95,13.49,54.19,0
P0240,12.88,37.42,16.48,66.78,1
P0241,11.49,35.22,24.15,70.86,1
P0242,14.62,16.99,13.97,45.58,0
P0243,7.97,38.47,11.03,57.47,0
P0244,9.13,20.75,22.71,52.59,0
P0245,23.52,33.36,20.46,77.34,1
P0246,9.85,25.54,14.9,50.29,0
P0247,10.61,21.7,10.09,42.4,0
P0248,22.35,10.54,14.28,47.17,0
P0249,26.62,23.63,17.73,67.98,1
P0250,10.31,12.52,23.83,46.66,0
P0251,13.53,32.74,12.82,59.09,0
P0252,16.37,37.13,17.58,71.08,1
P0253,21.91,18.62,21.38,61.91,0
P0254,11.05,27.42,6.09,44.56,0
P0255,14.02,19.2,23.17,56.39,0
P0256,18.11,19.97,12.09,50.17,0
P0257,16.74,31.2,19.66,67.6,1
P0258,13.5,24.69,19.23,57.42,0
P0259,14.46,38.92,23.42,76.8,1
P0260,9.5,21.14,20.75,51.39,0
P0261,14.05,32.99,6.11,53.15,0
P0262,13.93,25.78,14.08,53.79,0
P0263,15.93,31.37,18.69,65.99,1
P0264,12.78,21.42,17.03,51.23,0
P0265,16.89,24.6,20.39,61.88,0
P0266,19.05,24.08,21.95,65.08,1
P0267,15.62,18.31,21.04,54.97,0
P0268,16.41,30.3,16.93,63.64,1
P0269,15.21,30.2,8.77,54.18,0
P0270,15.0,29.75,15.72,60.47,0
P0271,12.11,37.3,20.08,69.49,1
P0272,16.27,36.59,12.55,65.41,1
P0273,14.61,22.0,21.16,57.77,0
P0274,23.37,27.98,22.54,73.89,1
P0275,21.29,20.01,18.63,59.93,0
P0276,16.54,25.19,2.68,44.41,0
P0277,11.95,20.2,11.61,43.76,0
P0278,10.55,37.96,27.43,75.94,1
P0279,19.76,27.91,15.27,62.94,1
P0280,16.05,23.26,8.08,47.39,0
P0281,16.92,34.55,24.18,75.65,1
P0282,8.02,7.64,18.07,33.73,0
P0283,18.71,8.89,23.52,51.12,0
P0284,16.82,31.37,19.38,67.57,1
P0285,10.56,25.48,20.29,56.33,0
P0286,13.11,27.0,19.82,59.93,0
P0287,16.05,14.39,21.49,51.93,0
P0288,15.21,24.81,29.39,69.41,1
P0289,13.83,41.03,22.86,77.72,1
P0290,14.59,31.59,10.1,56.28,0
P0291,13.99,26.36,20.23,60.58,0
P0292,15.61,21.49,23.71,60.81,0
P0293,20.89,21.84,24.01,66.74,1
P0294,4.73,7.97,15.87,28.57,0
P0295,14.05,27.06,23.82,64.93,1
P0296,15.71,31.76,22.64,70.11,1
P0297,16.18,12.4,30.86,59.44,0
P0298,13.51,19.71,14.25,47.47,0
P0299,7.97,15.74,15.46,39.17,0
P0300,16.31,17.28,16.47,50.06,0
P0301,21.91,25.43,15.55,62.89,1
P0302,8.86,8.32,13.55,30.73,0
P0303,18.46,29.91,4.19,52.56,0
P0304,13.69,31.03,15.83,60.55,0
P0305,14.75,22.99,19.85,57.59,0
P0306,10.79,5.15,15.53,31.47,0
P0307,13.66,17.03,27.68,58.37,0
P0308,20.2,34.86,18.07,73.13,1
P0309,17.33,2.78,24.46,44.57,0
P0310,21.93,22.22,19.31,63.46,1
P0311,19.71,15.56,22.13,57.4,0
P0312,16.76,31.44,19.4,67.6,1
P0313,21.98,19.6,24.84,66.42,1
P0314,16.76,28.23,18.28,63.27,1
P0315,18.31,29.52,20.48,68.31,1
P0316,13.81,39.69,19.83,73.33,1
P0317,15.27,23.38,16.56,55.21,0
P0318,12.21,28.01,20.02,60.24,0
P0319,18.96,13.12,29.17,61.25,0
P0320,10.29,34.52,16.65,61.46,0
P0321,18.13,18.92,20.1,57.15,0
P0322,14.24,20.51,24.29,59.04,0
P0323,19.68,24.82,23.7,68.2,1
P0324,18.0,12.5,18.06,48.56,0
P0325,22.28,26.83,6.08,55.19,0
P0326,17.92,32.74,20.58,71.24,1
P0327,8.71,27.34,6.9,42.95,0
P0328,14.73,12.29,25.35,52.37,0
P0329,10.31,24.01,18.85,53.17,0
P0330,12.93,30.94,23.0,66.87,1
P0331,21.04,9.98,13.49,44.51,0
P0332,17.55,16.4,10.24,44.19,0
P0333,12.2,32.01,19.3,63.51,1
P0334,10.95,27.16,17.83,55.94,0
P0335,15.13,28.3,15.54,58.97,0
P0336,10.13,39.88,18.42,68.43,1
P0337,12.32,28.75,31.84,72.91,1
P0338,16.25,30.26,22.17,68.68,1
P0339,19.62,46.69,23.25,89.56,1
P0340,17.44,23.29,22.22,62.95,1
P0341,5.83,18.62,25.4,49.85,0
P0342,16.22,28.42,17.05,61.69,0
P0343,15.29,28.51,7.73,51.53,0
P0344,16.66,20.79,17.06,54.51,0
P0345,21.46,16.74,22.06,60.26,0
P0346,6.75,43.48,13.15,63.38,1
P0347,12.64,27.61,17.12,57.37,0
P0348,17.36,19.14,14.54,51.04,0
P0349,8.67,32.33,25.51,66.51,1
P0350,20.9,24.13,21.75,66.78,1
P0351,16.47,22.98,21.26,60.71,0
P0352,18.39,29.5,21.11,69.0,1
P0353,12.72,14.66,17.81,45.19,0
P0354,18.26,27.82,18.99,65.07,1
P0355,19.27,40.3,12.07,71.64,1
P0356,15.93,28.73,7.07,51.73,0
P0357,15.94,21.99,18.75,56.68,0
P0358,16.08,20.94,19.62,56.64,0
P0359,11.55,21.72,24.05,57.32,0
P0360,14.41,22.97,25.86,63.24,1
P0361,14.39,21.98,25.85,62.22,1
P0362,16.53,32.33,13.01,61.87,0
P0363,19.0,11.13,16.24,46.37,0
P0364,10.77,31.9,20.4,63.07,1
P0365,14.5,21.96,30.66,67.12,1
P0366,20.93,28.02,25.4,74.35,1
P0367,12.03,15.98,23.6,51.61,0
P0368,11.71,35.63,16.06,63.4,1
P0369,15.81,34.97,13.58,64.36,1
P0370,18.38,32.68,21.94,73.0,1
P0371,15.05,12.88,12.5,40.43,0
P0372,20.32,31.63,16.81,68.76,1
P0373,18.43,28.24,17.43,64.1,1
P0374,18.37,12.16,25.96,56.49,0
P0375,17.22,24.81,16.23,58.26,0
P0376,24.31,27.92,5.8,58.03,0
P0377,14.18,29.45,20.52,64.15,1
P0378,6.99,26.42,14.5,47.91,0
P0379,21.42,27.33,18.21,66.96,1
P0380,13.17,36.79,17.57,67.53,1
P0381,15.43,34.81,16.63,66.87,1
P0382,20.24,2.06,21.95,44.25,0
P0383,8.59,22.46,10.34,41.39,0
P0384,9.99,23.68,15.41,49.08,0
P0385,8.59,10.98,21.42,40.99,0
P0386,11.82,25.75,14.93,52.5,0
P0387,16.76,34.99,9.96,61.71,0
P0388,17.1,16.31,21.34,54.75,0
P0389,16.11,27.69,23.62,67.42,1
P0390,9.35,17.67,17.78,44.8,0
P0391,5.76,19.62,8.2,33.58,0
P0392,15.22,36.82,21.53,73.57,1
P0393,13.11,20.66,9.7,43.47,0
P0394,16.84,28.7,19.54,65.08,1
P0395,17.81,10.03,13.56,41.4,0
P0396,15.55,39.9,12.2,67.65,1
P0397,18.04,29.82,15.79,63.65,1
P0398,15.92,23.54,17.08,56.54,0
P0399,17.12,29.6,14.78,61.5,0
P0400,12.18,13.72,20.94,46.84,0
P0401,14.28,34.46,15.77,64.51,1
P0402,15.79,22.41,22.9,61.1,0
P0403,18.28,23.37,19.41,61.06,0
P0404,13.43,21.07,14.51,49.01,0
P0405,17.08,20.35,13.67,51.1,0
P0406,13.94,30.56,9.76,54.26,0
P0407,14.53,27.05,19.45,61.03,0
P0408,18.32,30.21,16.23,64.76,1
P0409,7.03,24.93,6.14,38.1,0
P0410,9.81,29.11,15.32,54.24,0
P0411,9.07,21.65,13.49,44.21,0
P0412,5.67,42.84,25.88,74.39,1
P0413,12.29,12.46,9.49,34.24,0
P0414,18.0,35.09,10.79,63.88,1
P0415,13.86,35.94,23.55,73.35,1
P0416,15.79,18.18,24.78,58.75,0
P0417,19.36,42.83,14.28,76.47,1
P0418,20.31,32.96,14.84,68.11,1
P0419,14.72,32.77,21.08,68.57,1
P0420,20.41,25.22,6.36,51.99,0
P0421,15.37,23.26,8.69,47.32,0
P0422,11.65,23.32,16.6,51.57,0
P0423,12.62,28.12,25.75,66.49,1
P0424,9.08,36.21,15.82,61.11,0
P0425,11.45,26.45,18.5,56.4,0
P0426,13.57,17.71,23.67,54.95,0
P0427,18.21,31.6,28.53,78.34,1
P0428,21.88,32.37,15.12,69.37,1
P0429,9.47,30.24,17.92,57.63,0
P0430,16.57,30.96,27.11,74.64,1
P0431,10.84,22.83,10.39,44.06,0
P0432,16.9,17.57,23.14,57.61,0
P0433,14.48,18.05,12.91,45.44,0
P0434,7.68,11.92,18.51,38.11,0
P0435,18.71,26.9,16.79,62.4,1
P0436,12.58,24.33,13.21,50.12,0
P0437,12.86,21.48,13.08,47.42,0
P0438,10.72,1.36,19.38,31.46,0
P0439,12.38,15.02,22.98,50.38,0
P0440,16.71,33.97,17.35,68.03,1
P0441,14.24,19.68,18.35,52.27,0
P0442,16.31,27.88,20.86,65.05,1
P0443,16.45,13.87,13.14,43.46,0
P0444,20.28,36.51,21.7,78.49,1
P0445,13.63,23.85,22.1,59.58,0
P0446,9.09,27.32,31.02,67.43,1
P0447,19.27,43.61,16.12,79.0,1
P0448,13.67,37.13,15.71,66.51,1
P0449,19.46,22.55,21.84,63.85,1
P0450,16.53,20.25,22.1,58.88,0
P0451,14.48,22.4,15.32,52.2,0
P0452,16.4,29.08,15.98,61.46,0
P0453,22.8,24.16,20.71,67.67,1
P0454,23.31,21.84,13.86,59.01,0
P0455,15.28,36.74,15.95,67.97,1
P0456,15.64,24.09,18.45,58.18,0
P0457,19.3,43.4,22.98,85.68,1
P0458,11.62,25.73,14.98,52.33,0
P0459,16.33,39.28,8.79,64.4,1
P0460,14.9,27.86,8.42,51.18,0
P0461,16.26,32.7,11.7,60.66,0
P0462,11.67,19.2,11.43,42.3,0
P0463,8.64,18.17,17.23,44.04,0
P0464,6.71,28.68,12.06,47.45,0
P0465,10.53,32.91,14.49,57.93,0
P0466,13.17,25.32,14.13,52.62,0
P0467,13.83,14.71,15.8,44.34,0
P0468,22.75,14.12,24.61,61.48,0
P0469,19.42,13.58,21.31,54.31,0
P0470,11.15,10.86,18.08,40.09,0
P0471,16.39,25.88,15.69,57.96,0
P0472,13.37,34.0,15.83,63.2,1
P0473,13.86,24.89,19.64,58.39,0
P0474,15.74,6.92,20.92,43.58,0
P0475,17.48,23.47,13.46,54.41,0
P0476,13.64,23.7,18.18,55.52,0
P0477,19.26,41.77,7.84,68.87,1
P0478,10.43,13.34,19.06,42.83,0
P0479,15.03,21.87,21.81,58.71,0
P0480,25.39,38.65,16.6,80.64,1
P0481,15.89,28.6,27.08,71.57,1
P0482,20.73,29.51,13.59,63.83,1
P0483,15.37,25.92,19.09,60.38,0
P0484,17.32,27.64,17.82,62.78,1
P0485,14.77,31.22,17.5,63.49,1
P0486,14.32,18.52,17.43,50.27,0
P0487,11.88,32.02,18.54,62.44,1
P0488,16.72,14.02,22.24,52.98,0
P0489,11.59,27.63,24.89,64.11,1
P0490,17.66,26.43,17.99,62.08,1
P0491,19.34,20.07,22.08,61.49,0
P0492,16.47,24.82,14.49,55.78,0
P0493,13.86,20.02,21.83,55.71,0
P0494,16.82,16.43,14.19,47.44,0
P0495,13.77,22.17,23.45,59.39,0
P0496,18.74,16.17,29.05,63.96,1
P0497,7.67,27.58,17.39,52.64,0
P0498,13.66,15.8,7.04,36.5,0
P0499,7.04,30.7,15.26,53.0,0
P0500,9.02,15.55,24.16,48.73,0
P0501,20.46,20.47,20.77,61.7,0
P0502,18.58,20.0,19.24,57.82,0
P0503,12.12,35.6,23.04,70.76,1
P0504,8.99,27.64,20.42,57.05,0
P0505,3.14,23.31,24.09,50.54,0
P0506,12.83,28.99,22.6,64.42,1
P0507,24.68,8.14,25.61,58.43,0
P0508,16.74,24.65,19.79,61.18,0
P0509,12.76,40.98,22.53,76.27,1
P0510,16.86,26.06,16.46,59.38,0
P0511,8.76,25.54,14.99,49.29,0
P0512,13.81,29.39,26.53,69.73,1
P0513,15.4,32.16,19.08,66.64,1
P0514,14.66,9.02,22.02,45.7,0
P0515,18.16,11.54,18.62,48.32,0
P0516,16.38,26.68,15.07,58.13,0
P0517,17.67,19.28,18.05,55.0,0
P0518,12.25,35.5,25.18,72.93,1
P0519,18.59,22.48,20.78,61.85,0
P0520,21.52,9.52,9.44,40.48,0
P0521,11.12,14.86,16.92,42.9,0
P0522,11.45,3.0,26.91,41.36,0
P0523,20.34,23.13,16.93,60.4,0
P0524,14.23,23.49,9.0,46.72,0
P0525,20.62,21.6,27.47,69.69,1
P0526,13.23,33.63,21.41,68.27,1
P0527,20.82,34.59,17.65,73.06,1
P0528,15.53,23.64,16.14,55.31,0
P0529,16.03,7.92,23.41,47.36,0
P0530,21.26,29.94,15.29,66.49,1
P0531,13.55,29.44,23.74,66.73,1
P0532,11.24,27.48,20.71,59.43,0
P0533,13.21,32.85,19.22,65.28,1
P0534,16.81,15.68,18.73,51.22,0
P0535,8.74,41.07,17.13,66.94,1
P0536,17.55,17.32,23.23,58.1,0
P0537,12.84,30.99,13.67,57.5,0
P0538,19.59,11.5,9.89,40.98,0
P0539,5.42,17.56,21.07,44.05,0
P0540,11.85,37.13,21.16,70.14,1
P0541,8.25,22.91,20.4,51.56,0
P0542,11.7,31.72,20.04,63.46,1
P0543,15.99,26.9,16.4,59.29,0
P0544,14.28,24.16,21.94,60.38,0
P0545,13.99,35.91,17.77,67.67,1
P0546,14.36,23.11,15.56,53.03,0
P0547,15.81,10.75,16.44,43.0,0
P0548,10.97,18.57,28.1,57.64,0
P0549,17.83,29.41,9.33,56.57,0
P0550,17.65,28.16,20.5,66.31,1
P0551,16.54,12.46,9.6,38.6,0
P0552,17.23,19.21,17.46,53.9,0
P0553,16.19,20.35,15.83,52.37,0
P0554,23.14,22.08,7.57,52.79,0
P0555,14.65,13.99,19.95,48.59,0
P0556,13.77,19.97,16.1,49.84,0
P0557,11.99,19.17,7.5,38.66,0
P0558,10.87,31.17,22.2,64.24,1
P0559,10.02,31.47,25.18,66.67,1
P0560,11.44,23.83,25.45,60.72,0
P0561,14.72,21.86,19.79,56.37,0
P0562,16.34,26.12,18.23,60.69,0
P0563,15.2,18.47,24.64,58.31,0
P0564,11.94,15.83,26.41,54.18,0
P0565,18.6,17.48,23.67,59.75,0
P0566,17.96,19.92,13.29,51.17,0
P0567,14.36,15.69,19.01,49.06,0
P0568,12.39,26.3,20.2,58.89,0
P0569,17.19,30.84,8.95,56.98,0
P0570,15.75,12.3,20.35,48.4,0
P0571,9.21,25.2,29.36,63.77,1
P0572,14.73,23.24,21.2,59.17,0
P0573,16.05,27.73,25.37,69.15,1
P0574,11.4,24.9,18.91,55.21,0
P0575,15.76,13.37,17.63,46.76,0
P0576,9.18,14.9,19.91,43.99,0
P0577,20.34,25.24,13.92,59.5,0
P0578,19.99,33.23,13.18,66.4,1
P0579,13.99,7.29,24.33,45.61,0
P0580,16.45,27.77,24.86,69.08,1
P0581,5.36,34.52,13.04,52.92,0
P0582,10.37,23.78,22.84,56.99,0
P0583,13.82,29.4,17.57,60.79,0
P0584,10.71,19.38,19.7,49.79,0
P0585,17.86,24.05,20.3,62.21,1
P0586,22.99,12.03,22.97,57.99,0
P0587,10.29,6.25,18.41,34.95,0
P0588,11.65,32.54,25.05,69.24,1
P0589,15.94,17.12,19.55,52.61,0
P0590,21.44,21.36,21.12,63.92,1
P0591,10.11,13.91,13.83,37.85,0
P0592,16.0,13.72,28.79,58.51,0
P0593,22.29,23.61,20.35,66.25,1
P0594,8.39,19.16,21.56,49.11,0
P0595,9.88,28.02,9.96,47.86,0
P0596,13.31,28.62,13.89,55.82,0
P0597,12.92,27.57,24.19,64.68,1
P0598,18.25,26.91,19.43,64.59,1
P0599,15.97,37.62,8.43,62.02,1
P0600,7.9,16.46,23.19,47.55,0
P0601,17.06,24.56,15.28,56.9,0
P0602,12.69,34.06,25.06,71.81,1
P0603,20.1,35.12,17.56,72.78,1
P0604,12.49,13.63,19.02,45.14,0
P0605,12.45,22.5,23.89,58.84,0
P0606,17.16,35.86,13.51,66.53,1
P0607,18.05,29.06,13.04,60.15,0
P0608,16.79,26.56,17.02,60.37,0
P0609,8.26,23.26,22.14,53.66,0
P0610,17.15,21.93,11.35,50.43,0
P0611,10.86,27.31,9.66,47.83,0
P0612,15.94,22.98,22.12,61.04,0
P0613,9.31,24.66,14.99,48.96,0
P0614,16.79,25.63,16.04,58.46,0
P0615,11.77,19.58,8.72,40.07,0
P0616,9.87,29.26,14.61,53.74,0
P0617,17.86,48.31,17.96,84.13,1
P0618,15.97,10.78,22.65,49.4,0
P0619,12.54,27.59,14.14,54.27,0
P0620,20.8,18.92,26.29,66.01,1
P0621,13.24,29.62,14.58,57.44,0
P0622,15.13,25.37,14.58,55.08,0
P0623,16.08,31.09,25.69,72.86,1
P0624,12.52,34.4,19.06,65.98,1
P0625,16.88,26.54,15.24,58.66,0
P0626,12.87,34.06,17.22,64.15,1
P0627,13.35,6.25,24.77,44.37,0
P0628,20.45,37.72,25.33,83.5,1
P0629,10.84,28.0,13.92,52.76,0
P0630,5.35,33.62,17.79,56.76,0
P0631,21.44,15.24,18.45,55.13,0
P0632,25.2,18.35,13.07,56.62,0
P0633,13.38,26.17,17.72,57.27,0
P0634,7.25,24.86,18.03,50.14,0
P0635,13.76,27.26,23.7,64.72,1
P0636,13.86,33.68,24.04,71.58,1
P0637,14.24,10.88,16.35,41.47,0
P0638,10.55,32.79,16.93,60.27,0
P0639,17.32,25.07,21.32,63.71,1
P0640,17.1,23.37,15.07,55.54,0
P0641,9.02,13.23,20.94,43.19,0
P0642,17.8,29.02,17.56,64.38,1
P0643,23.21,5.69,13.15,42.05,0
P0644,15.69,30.19,13.22,59.1,0
P0645,13.65,13.06,25.24,51.95,0
P0646,14.43,25.43,17.22,57.08,0
P0647,17.46,24.05,26.2,67.71,1
P0648,8.08,34.36,15.43,57.87,0
P0649,15.66,23.57,19.46,58.69,0
P0650,13.44,19.45,29.96,62.85,1
P0651,22.39,20.95,12.71,56.05,0
P0652,14.3,35.18,8.51,57.99,0
P0653,21.67,29.29,24.43,75.39,1
P0654,10.59,21.91,13.87,46.37,0
P0655,17.35,23.11,17.9,58.36,0
P0656,16.28,12.46,15.07,43.81,0
P0657,11.52,28.11,19.34,58.97,0
P0658,15.71,10.92,13.25,39.88,0
P0659,19.85,31.01,17.1,67.96,1
P0660,13.7,26.03,20.25,59.98,0
P0661,8.23,44.1,12.96,65.29,1
P0662,14.93,16.2,14.5,45.63,0
P0663,11.39,24.18,16.26,51.83,0
P0664,13.63,39.39,10.86,63.88,1
P0665,14.67,34.53,15.89,65.09,1
P0666,8.18,19.43,18.59,46.2,0
P0667,8.54,26.79,16.0,51.33,0
P0668,16.93,25.02,16.64,58.59,0
P0669,12.91,27.26,17.9,58.07,0
P0670,4.74,19.41,14.72,38.87,0
P0671,18.14,24.29,21.46,63.89,1
P0672,16.09,12.22,25.18,53.49,0
P0673,12.14,26.08,15.68,53.9,0
P0674,9.73,28.6,20.43,58.76,0
P0675,18.34,23.18,16.8,58.32,0
P0676,16.4,12.08,19.83,48.31,0
P0677,24.53,32.91,25.83,83.27,1
P0678,16.68,27.92,20.54,65.14,1
P0679,16.55,19.19,9.13,44.87,0
P0680,14.33,22.76,20.27,57.36,0
P0681,18.27,12.99,24.16,55.42,0
P0682,17.5,16.8,16.89,51.19,0
P0683,20.01,20.7,22.98,63.69,1
P0684,12.91,34.83,14.55,62.29,1
P0685,13.26,19.88,10.57,43.71,0
P0686,13.08,30.12,18.71,61.91,0
P0687,18.16,20.69,9.22,48.07,0
P0688,20.99,26.98,16.8,64.77,1
P0689,13.16,23.87,24.43,61.46,0
P0690,13.3,31.98,8.45,53.73,0
P0691,16.26,20.72,11.6,48.58,0
P0692,14.02,12.42,12.84,39.28,0
P0693,18.81,13.94,17.68,50.43,0
P0694,5.99,20.74,16.17,42.9,0
P0695,11.69,15.01,25.0,51.7,0
P0696,11.87,28.28,22.77,62.92,1
P0697,5.72,21.27,20.48,47.47,0
P0698,11.15,44.0,18.73,73.88,1
P0699,11.34,11.1,19.97,42.41,0
P0700,14.2,26.63,13.69,54.52,0
P0701,19.45,15.98,22.29,57.72,0
P0702,14.02,21.05,12.44,47.51,0
P0703,10.88,26.13,22.18,59.19,0
P0704,14.77,6.4,23.93,45.1,0
P0705,19.2,26.89,19.05,65.14,1
P0706,11.1,40.22,17.12,68.44,1
P0707,11.36,21.37,20.0,52.73,0
P0708,17.23,27.08,3.69,48.0,0
P0709,14.11,33.2,19.51,66.82,1
P0710,17.59,23.69,17.43,58.71,0
P0711,14.95,20.35,17.75,53.05,0
P0712,17.81,6.79,21.53,46.13,0
P0713,10.86,30.13,17.63,58.62,0
P0714,14.95,24.09,12.3,51.34,0
P0715,14.16,16.9,17.29,48.35,0
P0716,10.14,26.01,18.34,54.49,0
P0717,8.75,20.33,18.57,47.65,0
P0718,17.74,20.77,18.81,57.32,0
P0719,13.6,29.85,23.2,66.65,1
P0720,10.91,14.29,12.57,37.77,0
P0721,14.62,33.38,18.88,66.88,1
P0722,19.51,13.82,24.45,57.78,0
P0723,5.88,19.7,9.33,34.91,0
P0724,9.01,40.38,18.9,68.29,1
P0725,11.31,34.02,15.07,60.4,0
P0726,20.84,25.78,16.15,62.77,1
P0727,16.13,17.48,13.48,47.09,0
P0728,18.07,20.77,17.15,55.99,0
P0729,10.44,25.59,27.21,63.24,1
P0730,10.52,25.3,11.68,47.5,0
P0731,16.79,24.27,12.15,53.21,0
P0732,15.23,24.75,11.49,51.47,0
P0733,17.19,23.28,26.64,67.11,1
P0734,14.25,13.46,15.69,43.4,0
P0735,16.11,20.87,17.87,54.85,0
P0736,15.63,32.32,15.99,63.94,1
P0737,18.11,14.05,13.28,45.44,0
P0738,18.23,23.48,16.82,58.53,0
P0739,8.52,18.44,30.29,57.25,0
P0740,6.01,25.89,24.96,56.86,0
P0741,19.01,21.89,13.74,54.64,0
P0742,19.75,36.82,21.24,77.81,1
P0743,10.92,29.05,13.84,53.81,0
P0744,7.56,14.51,9.12,31.19,0
P0745,15.4,30.37,23.1,68.87,1
P0746,18.72,18.8,23.8,61.32,0
P0747,22.19,20.38,23.23,65.8,1
P0748,17.07,27.51,15.65,60.23,0
P0749,13.51,21.07,17.17,51.75,0
P0750,11.43,32.14,21.75,65.32,1
P0751,15.05,18.8,19.96,53.81,0
P0752,13.8,20.05,16.03,49.88,0
P0753,10.94,19.75,9.9,40.59,0
P0754,23.2,20.47,18.57,62.24,1
P0755,22.14,33.79,23.4,79.33,1
P0756,19.54,30.03,12.01,61.58,0
P0757,11.32,38.68,21.19,71.19,1
P0758,18.42,43.14,19.66,81.22,1
P0759,17.56,16.75,21.75,56.06,0
P0760,16.77,25.56,22.36,64.69,1
P0761,20.0,15.59,14.53,50.12,0
P0762,17.54,18.78,9.92,46.24,0
P0763,17.96,19.96,15.33,53.25,0
P0764,17.55,16.54,22.45,56.54,0
P0765,16.36,16.58,15.29,48.23,0
P0766,7.87,23.85,14.53,46.25,0
P0767,15.33,15.27,8.89,39.49,0
P0768,12.78,31.74,26.76,71.28,1
P0769,9.88,17.66,22.13,49.67,0
P0770,21.73,47.48,21.85,91.06,1
P0771,21.92,21.39,22.84,66.15,1
P0772,20.44,25.58,20.88,66.9,1
P0773,16.02,14.64,16.78,47.44,0
P0774,20.4,38.65,17.18,76.23,1
P0775,15.05,33.96,15.86,64.87,1
P0776,15.81,27.38,31.17,74.36,1
P0777,10.63,14.23,20.78,45.64,0
P0778,16.59,26.69,15.68,58.96,0
P0779,15.24,16.03,20.33,51.6,0
P0780,9.79,36.7,12.95,59.44,0
P0781,14.8,31.47,25.52,71.79,1
P0782,14.68,25.76,14.69,55.13,0
P0783,22.19,5.51,20.51,48.21,0
P0784,18.58,17.13,23.33,59.04,0
P0785,15.05,30.5,19.92,65.47,1
P0786,16.0,34.7,18.47,69.17,1
P0787,15.18,33.87,18.05,67.1,1
P0788,14.19,12.26,17.72,44.17,0
P0789,10.67,27.41,15.12,53.2,0
P0790,14.4,33.12,15.75,63.27,1
P0791,12.02,11.73,25.4,49.15,0
P0792,10.0,24.94,17.46,52.4,0
P0793,17.04,27.19,14.07,58.3,0
P0794,16.57,22.59,15.42,54.58,0
P0795,7.85,10.18,23.5,41.53,0
P0796,14.51,22.39,21.38,58.28,0
P0797,18.98,22.38,20.8,62.16,1
P0798,19.24,23.82,16.71,59.77,0
P0799,19.1,20.49,20.87,60.46,0
P0800,15.16,21.46,14.78,51.4,0
P0801,11.62,24.68,16.7,53.0,0
P0802,10.67,28.54,22.85,62.06,1
P0803,16.38,22.56,22.37,61.31,0
P0804,16.52,21.72,13.09,51.33,0
P0805,20.15,25.74,13.72,59.61,0
P0806,19.4,9.63,18.54,47.57,0
P0807,14.47,28.82,26.63,69.92,1
P0808,10.02,25.0,8.42,43.44,0
P0809,13.72,25.32,19.39,58.43,0
P0810,15.87,32.69,11.12,59.68,0
P0811,14.19,9.38,14.83,38.4,0
P0812,12.69,9.21,16.18,38.08,0
P0813,16.01,27.19,15.9,59.1,0
P0814,12.98,24.94,15.33,53.25,0
P0815,12.49,26.36,18.04,56.89,0
P0816,16.25,21.3,15.32,52.87,0
P0817,13.39,30.31,10.69,54.39,0
P0818,15.98,32.46,21.9,70.34,1
P0819,16.09,28.87,21.76,66.72,1
P0820,10.44,22.91,22.22,55.57,0
P0821,13.08,8.14,10.3,31.52,0
P0822,20.75,31.15,19.49,71.39,1
P0823,10.35,34.77,21.38,66.5,1
P0824,6.53,30.16,12.84,49.53,0
P0825,7.55,17.96,18.05,43.56,0
P0826,15.12,30.39,17.42,62.93,1
P0827,15.12,31.88,27.21,74.21,1
P0828,14.53,37.47,27.62,79.62,1
P0829,19.86,17.99,9.68,47.53,0
P0830,4.31,23.19,30.47,57.97,0
P0831,16.58,30.98,13.42,60.98,0
P0832,21.25,25.46,22.9,69.61,1
P0833,10.49,16.06,22.85,49.4,0
P0834,13.48,28.32,13.02,54.82,0
P0835,11.99,29.63,20.47,62.09,1
P0836,11.42,25.7,17.46,54.58,0
P0837,13.69,26.76,20.77,61.22,0
P0838,20.71,22.93,19.15,62.79,1
P0839,22.35,36.83,23.98,83.16,1
P0840,13.66,17.79,18.38,49.83,0
P0841,22.62,20.3,17.16,60.08,0
P0842,15.14,25.09,23.48,63.71,1
P0843,22.01,32.03,20.9,74.94,1
P0844,14.63,13.02,21.66,49.31,0
P0845,15.52,14.52,14.68,44.72,0
P0846,16.46,8.7,12.77,37.93,0
P0847,27.72,25.26,15.16,68.14,1
P0848,18.41,16.05,14.9,49.36,0
P0849,12.17,21.92,21.93,56.02,0
P0850,18.88,30.29,22.88,72.05,1
P0851,13.55,19.87,17.22,50.64,0
P0852,13.04,26.85,25.15,65.04,1
P0853,18.63,22.61,24.84,66.08,1
P0854,15.12,30.38,19.22,64.72,1
P0855,16.11,28.8,13.89,58.8,0
P0856,15.06,19.46,25.88,60.4,0
P0857,16.35,23.65,17.69,57.69,0
P0858,16.7,33.35,18.63,68.68,1
P0859,7.25,28.15,16.3,51.7,0
P0860,17.67,13.82,13.55,45.04,0
P0861,11.07,30.24,10.66,51.97,0
P0862,9.23,16.32,21.16,46.71,0
P0863,14.77,36.3,14.08,65.15,1
P0864,15.34,33.19,33.3,81.83,1
P0865,12.23,27.32,12.57,52.12,0
P0866,18.32,26.26,11.71,56.29,0
P0867,9.63,23.33,20.55,53.51,0
P0868,13.37,30.43,25.65,69.45,1
P0869,12.66,22.03,18.32,53.01,0
P0870,14.81,26.88,20.86,62.55,1
P0871,16.12,31.98,8.78,56.88,0
P0872,10.97,20.51,14.61,46.09,0
P0873,17.9,20.07,12.63,50.6,0
P0874,15.25,15.45,8.52,39.22,0
P0875,7.43,16.48,18.58,42.49,0
P0876,7.17,10.37,6.79,24.33,0
P0877,14.95,30.84,11.39,57.18,0
P0878,14.12,39.47,15.31,68.9,1
P0879,14.59,36.4,13.84,64.83,1
P0880,14.89,11.99,19.98,46.86,0
P0881,15.9,30.8,19.53,66.23,1
P0882,18.79,36.38,22.47,77.64,1
P0883,10.56,21.35,21.76,53.67,0
P0884,10.31,25.81,23.7,59.82,0
P0885,10.63,8.94,17.99,37.56,0
P0886,16.16,27.13,19.52,62.81,1
P0887,19.98,16.49,20.56,57.03,0
P0888,13.27,26.6,18.71,58.58,0
P0889,4.99,12.51,16.01,33.51,0
P0890,8.18,29.34,16.34,53.86,0
P0891,11.67,33.2,13.91,58.78,0
P0892,12.77,18.73,20.11,51.61,0
P0893,13.37,15.9,17.53,46.8,0
P0894,15.15,7.75,14.68,37.58,0
P0895,13.75,22.87,14.69,51.31,0
P0896,19.2,20.35,11.95,51.5,0
P0897,12.3,12.59,22.89,47.78,0
P0898,11.55,28.62,18.39,58.56,0
P0899,16.92,21.4,13.69,52.01,0
P0900,8.86,16.39,22.04,47.29,0
P0901,16.56,20.56,15.2,52.32,0
P0902,15.41,33.57,10.97,59.95,0
P0903,14.41,29.82,23.11,67.34,1
P0904,21.35,23.96,15.31,60.62,0
P0905,12.51,29.95,15.96,58.42,0
P0906,23.24,15.71,18.21,57.16,0
P0907,14.1,25.26,23.71,63.07,1
P0908,9.89,26.18,18.1,54.17,0
P0909,15.28,21.24,12.0,48.52,0
P0910,10.7,28.48,20.72,59.9,0
P0911,11.99,18.76,15.58,46.33,0
P0912,16.59,29.08,27.44,73.11,1
P0913,17.22,29.41,17.99,64.62,1
P0914,12.51,1.66,6.82,20.99,0
P0915,18.95,34.52,19.79,73.26,1
P0916,19.63,1.0,27.72,48.35,0
P0917,20.75,20.07,25.88,66.7,1
P0918,17.12,33.2,27.15,77.47,1
P0919,20.45,22.46,12.9,55.81,0
P0920,7.48,13.27,22.56,43.31,0
P0921,13.73,16.25,14.39,44.37,0
P0922,11.53,33.22,19.12,63.87,1
P0923,15.48,9.63,11.64,36.75,0
P0924,12.71,34.03,14.78,61.52,0
P0925,14.34,24.56,14.62,53.52,0
P0926,22.53,15.46,22.49,60.48,0
P0927,14.32,20.34,22.0,56.66,0
P0928,16.66,16.86,19.38,52.9,0
P0929,14.07,31.93,11.25,57.25,0
P0930,15.3,30.86,16.44,62.6,1
P0931,15.02,11.25,14.27,40.54,0
P0932,16.79,21.77,22.35,60.91,0
P0933,19.66,18.09,23.89,61.64,0
P0934,21.59,35.35,23.28,80.22,1
P0935,16.24,14.2,14.22,44.66,0
P0936,17.36,37.83,4.3,59.49,0
P0937,10.4,24.73,9.17,44.3,0
P0938,14.65,15.7,25.11,55.46,0
P0939,18.76,19.58,15.99,54.33,0
P0940,18.46,18.59,14.25,51.3,0
P0941,15.85,14.8,26.21,56.86,0
P0942,18.55,25.76,24.33,68.64,1
P0943,16.96,15.18,18.12,50.26,0
P0944,19.8,7.56,16.53,43.89,0
P0945,16.16,21.96,17.34,55.46,0
P0946,13.58,10.58,19.14,43.3,0
P0947,16.34,18.98,26.0,61.32,0
P0948,3.28,17.73,20.11,41.12,0
P0949,16.53,18.03,21.63,56.19,0
P0950,1.0,41.01,23.85,65.86,1
P0951,8.11,25.45,12.15,45.71,0
P0952,16.81,26.96,21.77,65.54,1
P0953,16.91,10.79,16.53,44.23,0
P0954,10.35,19.77,5.42,35.54,0
P0955,12.15,26.72,7.36,46.23,0
P0956,20.48,16.8,12.91,50.19,0
P0957,13.06,32.26,20.66,65.98,1
P0958,23.97,15.38,18.57,57.92,0
P0959,14.99,22.71,18.92,56.62,0
P0960,16.63,20.31,27.75,64.69,1
P0961,21.47,26.31,11.65,59.43,0
P0962,15.52,19.88,17.86,53.26,0
P0963,10.99,22.83,19.52,53.34,0
P0964,14.56,23.11,14.32,51.99,0
P0965,14.86,19.12,18.14,52.12,0
P0966,9.54,28.88,10.0,48.42,0
P0967,13.98,26.91,25.05,65.94,1
P0968,12.03,24.29,14.59,50.91,0
P0969,18.7,21.56,28.16,68.42,1
P0970,15.14,31.37,17.84,64.35,1
P0971,13.87,23.11,23.14,60.12,0
P0972,14.58,22.55,17.73,54.86,0
P0973,15.89,25.84,17.85,59.58,0
P0974,17.47,38.57,15.08,71.12,1
P0975,11.0,14.28,18.6,43.88,0
P0976,10.83,31.16,19.59,61.58,0
P0977,19.42,9.85,14.08,43.35,0
P0978,13.35,26.74,17.37,57.46,0
P0979,9.33,37.6,14.95,61.88,0
P0980,16.78,28.91,29.5,75.19,1
P0981,16.85,26.37,17.55,60.77,0
P0982,8.88,20.52,25.73,55.13,0
P0983,15.92,25.25,17.02,58.19,0
P0984,17.94,22.98,19.3,60.22,0
P0985,16.5,18.71,11.39,46.6,0
P0986,17.53,22.68,15.76,55.97,0
P0987,9.38,26.59,19.05,55.02,0
P0988,16.32,18.86,25.93,61.11,0
P0989,13.79,18.55,19.11,51.45,0
P0990,13.07,14.12,24.92,52.11,0
P0991,18.48,28.13,21.2,67.81,1
P0992,20.92,29.36,26.14,76.42,1
P0993,22.18,26.85,17.7,66.73,1
P0994,20.26,32.72,29.95,82.93,1
P0995,14.56,25.7,15.57,55.83,0
P0996,16.41,28.14,14.17,58.72,0
P0997,18.07,27.43,11.95,57.45,0
P0998,15.48,24.27,29.66,69.41,1
P0999,15.52,20.75,22.1,58.37,0
P1000,18.3,42.71,16.33,77.34,1
